{
    "original_size": {
        "w": 1024,
        "h": 559
    },
    "icons": [
        {
            "id": 1,
            "file": "1.png",
            "x": 29,
            "y": 23,
            "w": 337,
            "h": 381
        },
        {
            "id": 2,
            "file": "2.png",
            "x": 387,
            "y": 32,
            "w": 288,
            "h": 507
        },
        {
            "id": 3,
            "file": "3.png",
            "x": 680,
            "y": 32,
            "w": 309,
            "h": 233
        },
        {
            "id": 4,
            "file": "4.png",
            "x": 667,
            "y": 242,
            "w": 214,
            "h": 166
        },
        {
            "id": 5,
            "file": "5.png",
            "x": 172,
            "y": 309,
            "w": 209,
            "h": 209
        },
        {
            "id": 6,
            "file": "6.png",
            "x": 777,
            "y": 321,
            "w": 198,
            "h": 200
        }
    ]
}