{
    "original_size": {
        "w": 1365,
        "h": 768
    },
    "icons": [
        {
            "id": 1,
            "file": "1.png",
            "x": 101,
            "y": 60,
            "w": 264,
            "h": 264
        },
        {
            "id": 2,
            "file": "2.png",
            "x": 998,
            "y": 62,
            "w": 272,
            "h": 191
        },
        {
            "id": 3,
            "file": "3.png",
            "x": 461,
            "y": 107,
            "w": 431,
            "h": 557
        },
        {
            "id": 4,
            "file": "4.png",
            "x": 971,
            "y": 308,
            "w": 326,
            "h": 118
        },
        {
            "id": 5,
            "file": "5.png",
            "x": 102,
            "y": 448,
            "w": 256,
            "h": 256
        },
        {
            "id": 6,
            "file": "6.png",
            "x": 918,
            "y": 454,
            "w": 225,
            "h": 265
        }
    ]
}