{
    "original_size": {
        "w": 1024,
        "h": 559
    },
    "icons": [
        {
            "id": 1,
            "file": "1.png",
            "x": 31,
            "y": 24,
            "w": 806,
            "h": 516
        },
        {
            "id": 2,
            "file": "2.png",
            "x": 794,
            "y": 28,
            "w": 205,
            "h": 174
        },
        {
            "id": 3,
            "file": "3.png",
            "x": 45,
            "y": 32,
            "w": 178,
            "h": 237
        },
        {
            "id": 4,
            "file": "4.png",
            "x": 252,
            "y": 106,
            "w": 178,
            "h": 117
        },
        {
            "id": 5,
            "file": "5.png",
            "x": 780,
            "y": 333,
            "w": 227,
            "h": 193
        }
    ]
}