{
    "original_size": {
        "w": 1024,
        "h": 559
    },
    "icons": [
        {
            "id": 1,
            "file": "1.png",
            "x": 697,
            "y": 36,
            "w": 288,
            "h": 194
        },
        {
            "id": 2,
            "file": "2.png",
            "x": 54,
            "y": 41,
            "w": 262,
            "h": 222
        },
        {
            "id": 3,
            "file": "3.png",
            "x": 415,
            "y": 55,
            "w": 321,
            "h": 457
        },
        {
            "id": 4,
            "file": "4.png",
            "x": 219,
            "y": 251,
            "w": 200,
            "h": 261
        },
        {
            "id": 5,
            "file": "5.png",
            "x": 729,
            "y": 268,
            "w": 229,
            "h": 258
        },
        {
            "id": 6,
            "file": "6.png",
            "x": 43,
            "y": 294,
            "w": 184,
            "h": 219
        }
    ]
}