{
    "original_size": {
        "w": 1365,
        "h": 768
    },
    "icons": [
        {
            "id": 1,
            "file": "1.png",
            "x": 602,
            "y": 58,
            "w": 164,
            "h": 143
        },
        {
            "id": 2,
            "file": "2.png",
            "x": 882,
            "y": 121,
            "w": 87,
            "h": 140
        },
        {
            "id": 3,
            "file": "3.png",
            "x": 328,
            "y": 122,
            "w": 183,
            "h": 193
        },
        {
            "id": 4,
            "file": "4.png",
            "x": 515,
            "y": 219,
            "w": 338,
            "h": 387
        },
        {
            "id": 5,
            "file": "5.png",
            "x": 886,
            "y": 302,
            "w": 200,
            "h": 140
        },
        {
            "id": 6,
            "file": "6.png",
            "x": 321,
            "y": 456,
            "w": 248,
            "h": 200
        },
        {
            "id": 7,
            "file": "7.png",
            "x": 847,
            "y": 480,
            "w": 164,
            "h": 184
        }
    ]
}