{
    "original_size": {
        "w": 1024,
        "h": 559
    },
    "icons": [
        {
            "id": 1,
            "file": "1.png",
            "x": 102,
            "y": 47,
            "w": 130,
            "h": 238
        },
        {
            "id": 2,
            "file": "2.png",
            "x": 699,
            "y": 50,
            "w": 278,
            "h": 184
        },
        {
            "id": 3,
            "file": "3.png",
            "x": 341,
            "y": 125,
            "w": 199,
            "h": 288
        },
        {
            "id": 4,
            "file": "4.png",
            "x": 500,
            "y": 135,
            "w": 184,
            "h": 277
        },
        {
            "id": 5,
            "file": "5.png",
            "x": 77,
            "y": 306,
            "w": 193,
            "h": 199
        },
        {
            "id": 6,
            "file": "6.png",
            "x": 752,
            "y": 314,
            "w": 195,
            "h": 195
        },
        {
            "id": 7,
            "file": "7.png",
            "x": 345,
            "y": 421,
            "w": 327,
            "h": 108
        }
    ]
}