{
    "original_size": {
        "w": 1024,
        "h": 559
    },
    "icons": [
        {
            "id": 1,
            "file": "1.png",
            "x": 720,
            "y": 38,
            "w": 245,
            "h": 216
        },
        {
            "id": 2,
            "file": "2.png",
            "x": 96,
            "y": 43,
            "w": 285,
            "h": 155
        },
        {
            "id": 3,
            "file": "3.png",
            "x": 312,
            "y": 63,
            "w": 404,
            "h": 434
        },
        {
            "id": 4,
            "file": "4.png",
            "x": 52,
            "y": 187,
            "w": 261,
            "h": 174
        },
        {
            "id": 5,
            "file": "5.png",
            "x": 720,
            "y": 266,
            "w": 278,
            "h": 255
        },
        {
            "id": 6,
            "file": "6.png",
            "x": 36,
            "y": 341,
            "w": 324,
            "h": 196
        }
    ]
}