{
    "original_size": {
        "w": 1024,
        "h": 559
    },
    "icons": [
        {
            "id": 1,
            "file": "1.png",
            "x": 115,
            "y": 26,
            "w": 218,
            "h": 255
        },
        {
            "id": 2,
            "file": "2.png",
            "x": 652,
            "y": 33,
            "w": 136,
            "h": 208
        },
        {
            "id": 3,
            "file": "3.png",
            "x": 830,
            "y": 39,
            "w": 141,
            "h": 246
        },
        {
            "id": 4,
            "file": "4.png",
            "x": 395,
            "y": 122,
            "w": 594,
            "h": 454
        },
        {
            "id": 5,
            "file": "5.png",
            "x": 44,
            "y": 304,
            "w": 311,
            "h": 219
        }
    ]
}