{
    "original_size": {
        "w": 1024,
        "h": 559
    },
    "icons": [
        {
            "id": 1,
            "file": "1.png",
            "x": 346,
            "y": 21,
            "w": 336,
            "h": 539
        },
        {
            "id": 2,
            "file": "2.png",
            "x": 97,
            "y": 28,
            "w": 174,
            "h": 233
        },
        {
            "id": 3,
            "file": "3.png",
            "x": 739,
            "y": 37,
            "w": 219,
            "h": 164
        },
        {
            "id": 4,
            "file": "4.png",
            "x": 797,
            "y": 251,
            "w": 112,
            "h": 197
        },
        {
            "id": 5,
            "file": "5.png",
            "x": 127,
            "y": 287,
            "w": 153,
            "h": 248
        },
        {
            "id": 6,
            "file": "6.png",
            "x": 633,
            "y": 389,
            "w": 158,
            "h": 158
        }
    ]
}