{
    "original_size": {
        "w": 1365,
        "h": 768
    },
    "icons": [
        {
            "id": 1,
            "file": "1.png",
            "x": 92,
            "y": 68,
            "w": 205,
            "h": 206
        },
        {
            "id": 2,
            "file": "2.png",
            "x": 1038,
            "y": 76,
            "w": 238,
            "h": 213
        },
        {
            "id": 3,
            "file": "3.png",
            "x": 410,
            "y": 111,
            "w": 548,
            "h": 549
        },
        {
            "id": 4,
            "file": "4.png",
            "x": 1055,
            "y": 305,
            "w": 211,
            "h": 117
        },
        {
            "id": 5,
            "file": "5.png",
            "x": 103,
            "y": 437,
            "w": 194,
            "h": 237
        },
        {
            "id": 6,
            "file": "6.png",
            "x": 1070,
            "y": 449,
            "w": 182,
            "h": 243
        }
    ]
}