{
    "original_size": {
        "w": 1024,
        "h": 559
    },
    "icons": [
        {
            "id": 1,
            "file": "1.png",
            "x": 619,
            "y": 15,
            "w": 204,
            "h": 204
        },
        {
            "id": 2,
            "file": "2.png",
            "x": 265,
            "y": 17,
            "w": 476,
            "h": 531
        },
        {
            "id": 3,
            "file": "3.png",
            "x": 187,
            "y": 47,
            "w": 179,
            "h": 179
        },
        {
            "id": 4,
            "file": "4.png",
            "x": 751,
            "y": 185,
            "w": 255,
            "h": 232
        },
        {
            "id": 5,
            "file": "5.png",
            "x": 22,
            "y": 205,
            "w": 232,
            "h": 318
        },
        {
            "id": 6,
            "file": "6.png",
            "x": 747,
            "y": 407,
            "w": 252,
            "h": 140
        }
    ]
}