{
    "original_size": {
        "w": 1024,
        "h": 559
    },
    "icons": [
        {
            "id": 1,
            "file": "1.png",
            "x": 115,
            "y": 47,
            "w": 107,
            "h": 126
        },
        {
            "id": 2,
            "file": "2.png",
            "x": 789,
            "y": 57,
            "w": 185,
            "h": 185
        },
        {
            "id": 3,
            "file": "3.png",
            "x": 299,
            "y": 97,
            "w": 473,
            "h": 389
        },
        {
            "id": 4,
            "file": "4.png",
            "x": 78,
            "y": 164,
            "w": 181,
            "h": 167
        },
        {
            "id": 5,
            "file": "5.png",
            "x": 69,
            "y": 316,
            "w": 214,
            "h": 195
        },
        {
            "id": 6,
            "file": "6.png",
            "x": 822,
            "y": 321,
            "w": 146,
            "h": 180
        }
    ]
}