{
    "original_size": {
        "w": 1024,
        "h": 559
    },
    "icons": [
        {
            "id": 1,
            "file": "1.png",
            "x": 614,
            "y": 32,
            "w": 188,
            "h": 215
        },
        {
            "id": 2,
            "file": "2.png",
            "x": 322,
            "y": 54,
            "w": 286,
            "h": 113
        },
        {
            "id": 3,
            "file": "3.png",
            "x": 61,
            "y": 73,
            "w": 204,
            "h": 363
        },
        {
            "id": 4,
            "file": "4.png",
            "x": 792,
            "y": 181,
            "w": 197,
            "h": 197
        },
        {
            "id": 5,
            "file": "5.png",
            "x": 209,
            "y": 195,
            "w": 585,
            "h": 228
        },
        {
            "id": 6,
            "file": "6.png",
            "x": 557,
            "y": 415,
            "w": 119,
            "h": 113
        }
    ]
}