{
    "original_size": {
        "w": 1024,
        "h": 559
    },
    "icons": [
        {
            "id": 1,
            "file": "1.png",
            "x": 810,
            "y": 26,
            "w": 191,
            "h": 192
        },
        {
            "id": 2,
            "file": "2.png",
            "x": 628,
            "y": 27,
            "w": 176,
            "h": 116
        },
        {
            "id": 3,
            "file": "3.png",
            "x": 32,
            "y": 30,
            "w": 186,
            "h": 168
        },
        {
            "id": 4,
            "file": "4.png",
            "x": 94,
            "y": 33,
            "w": 834,
            "h": 422
        },
        {
            "id": 5,
            "file": "5.png",
            "x": 210,
            "y": 34,
            "w": 99,
            "h": 110
        },
        {
            "id": 6,
            "file": "6.png",
            "x": 897,
            "y": 232,
            "w": 99,
            "h": 110
        },
        {
            "id": 7,
            "file": "7.png",
            "x": 31,
            "y": 247,
            "w": 100,
            "h": 110
        },
        {
            "id": 8,
            "file": "8.png",
            "x": 818,
            "y": 382,
            "w": 183,
            "h": 158
        },
        {
            "id": 9,
            "file": "9.png",
            "x": 28,
            "y": 408,
            "w": 283,
            "h": 132
        },
        {
            "id": 10,
            "file": "10.png",
            "x": 665,
            "y": 421,
            "w": 174,
            "h": 119
        }
    ]
}