{
    "original_size": {
        "w": 1024,
        "h": 559
    },
    "icons": [
        {
            "id": 1,
            "file": "1.png",
            "x": 252,
            "y": -13,
            "w": 445,
            "h": 586
        },
        {
            "id": 2,
            "file": "2.png",
            "x": 51,
            "y": 9,
            "w": 123,
            "h": 282
        },
        {
            "id": 3,
            "file": "3.png",
            "x": 698,
            "y": 17,
            "w": 343,
            "h": 248
        },
        {
            "id": 4,
            "file": "4.png",
            "x": 864,
            "y": 277,
            "w": 169,
            "h": 297
        },
        {
            "id": 5,
            "file": "5.png",
            "x": -13,
            "y": 313,
            "w": 244,
            "h": 263
        },
        {
            "id": 6,
            "file": "6.png",
            "x": 630,
            "y": 440,
            "w": 233,
            "h": 136
        }
    ]
}