{
    "original_size": {
        "w": 1365,
        "h": 768
    },
    "icons": [
        {
            "id": 1,
            "file": "1.png",
            "x": 927,
            "y": 76,
            "w": 131,
            "h": 203
        },
        {
            "id": 2,
            "file": "2.png",
            "x": 391,
            "y": 85,
            "w": 585,
            "h": 624
        },
        {
            "id": 3,
            "file": "3.png",
            "x": 145,
            "y": 102,
            "w": 250,
            "h": 197
        },
        {
            "id": 4,
            "file": "4.png",
            "x": 1102,
            "y": 167,
            "w": 114,
            "h": 235
        },
        {
            "id": 5,
            "file": "5.png",
            "x": 154,
            "y": 404,
            "w": 145,
            "h": 248
        },
        {
            "id": 6,
            "file": "6.png",
            "x": 1031,
            "y": 451,
            "w": 179,
            "h": 211
        }
    ]
}