{
    "original_size": {
        "w": 1024,
        "h": 559
    },
    "icons": [
        {
            "id": 1,
            "file": "1.png",
            "x": 221,
            "y": 35,
            "w": 150,
            "h": 152
        },
        {
            "id": 2,
            "file": "2.png",
            "x": 657,
            "y": 37,
            "w": 167,
            "h": 167
        },
        {
            "id": 3,
            "file": "3.png",
            "x": 370,
            "y": 89,
            "w": 288,
            "h": 333
        },
        {
            "id": 4,
            "file": "4.png",
            "x": 117,
            "y": 303,
            "w": 171,
            "h": 234
        },
        {
            "id": 5,
            "file": "5.png",
            "x": 715,
            "y": 327,
            "w": 196,
            "h": 183
        },
        {
            "id": 6,
            "file": "6.png",
            "x": 553,
            "y": 341,
            "w": 130,
            "h": 171
        }
    ]
}