{
    "original_size": {
        "w": 1365,
        "h": 768
    },
    "icons": [
        {
            "id": 1,
            "file": "1.png",
            "x": 301,
            "y": 95,
            "w": 167,
            "h": 166
        },
        {
            "id": 2,
            "file": "2.png",
            "x": 922,
            "y": 98,
            "w": 157,
            "h": 158
        },
        {
            "id": 3,
            "file": "3.png",
            "x": 449,
            "y": 183,
            "w": 471,
            "h": 431
        },
        {
            "id": 4,
            "file": "4.png",
            "x": 1021,
            "y": 300,
            "w": 179,
            "h": 150
        },
        {
            "id": 5,
            "file": "5.png",
            "x": 161,
            "y": 301,
            "w": 204,
            "h": 150
        },
        {
            "id": 6,
            "file": "6.png",
            "x": 921,
            "y": 496,
            "w": 214,
            "h": 197
        },
        {
            "id": 7,
            "file": "7.png",
            "x": 275,
            "y": 506,
            "w": 181,
            "h": 188
        }
    ]
}