{
    "original_size": {
        "w": 1024,
        "h": 559
    },
    "icons": [
        {
            "id": 1,
            "file": "1.png",
            "x": 18,
            "y": 20,
            "w": 685,
            "h": 499
        },
        {
            "id": 2,
            "file": "2.png",
            "x": 653,
            "y": 20,
            "w": 357,
            "h": 211
        },
        {
            "id": 3,
            "file": "3.png",
            "x": 553,
            "y": 27,
            "w": 108,
            "h": 140
        },
        {
            "id": 4,
            "file": "4.png",
            "x": 693,
            "y": 224,
            "w": 143,
            "h": 104
        },
        {
            "id": 5,
            "file": "5.png",
            "x": 798,
            "y": 247,
            "w": 212,
            "h": 295
        },
        {
            "id": 6,
            "file": "6.png",
            "x": 24,
            "y": 346,
            "w": 243,
            "h": 194
        },
        {
            "id": 7,
            "file": "7.png",
            "x": 654,
            "y": 372,
            "w": 137,
            "h": 111
        }
    ]
}