{
    "original_size": {
        "w": 1024,
        "h": 559
    },
    "icons": [
        {
            "id": 1,
            "file": "1.png",
            "x": 50,
            "y": 32,
            "w": 222,
            "h": 242
        },
        {
            "id": 2,
            "file": "2.png",
            "x": 785,
            "y": 37,
            "w": 193,
            "h": 194
        },
        {
            "id": 3,
            "file": "3.png",
            "x": 292,
            "y": 81,
            "w": 443,
            "h": 401
        },
        {
            "id": 4,
            "file": "4.png",
            "x": 174,
            "y": 167,
            "w": 86,
            "h": 202
        },
        {
            "id": 5,
            "file": "5.png",
            "x": 754,
            "y": 287,
            "w": 217,
            "h": 251
        },
        {
            "id": 6,
            "file": "6.png",
            "x": 97,
            "y": 296,
            "w": 173,
            "h": 241
        }
    ]
}