{
    "original_size": {
        "w": 1365,
        "h": 768
    },
    "icons": [
        {
            "id": 1,
            "file": "1.png",
            "x": 392,
            "y": 75,
            "w": 289,
            "h": 260
        },
        {
            "id": 2,
            "file": "2.png",
            "x": 1031,
            "y": 88,
            "w": 180,
            "h": 266
        },
        {
            "id": 3,
            "file": "3.png",
            "x": 136,
            "y": 90,
            "w": 209,
            "h": 218
        },
        {
            "id": 4,
            "file": "4.png",
            "x": 386,
            "y": 115,
            "w": 595,
            "h": 541
        },
        {
            "id": 5,
            "file": "5.png",
            "x": 157,
            "y": 409,
            "w": 157,
            "h": 288
        },
        {
            "id": 6,
            "file": "6.png",
            "x": 990,
            "y": 434,
            "w": 255,
            "h": 264
        }
    ]
}