{
    "original_size": {
        "w": 1024,
        "h": 559
    },
    "icons": [
        {
            "id": 1,
            "file": "1.png",
            "x": 663,
            "y": 46,
            "w": 139,
            "h": 119
        },
        {
            "id": 2,
            "file": "2.png",
            "x": 153,
            "y": 50,
            "w": 138,
            "h": 213
        },
        {
            "id": 3,
            "file": "3.png",
            "x": 802,
            "y": 110,
            "w": 145,
            "h": 154
        },
        {
            "id": 4,
            "file": "4.png",
            "x": 335,
            "y": 132,
            "w": 358,
            "h": 302
        },
        {
            "id": 5,
            "file": "5.png",
            "x": 90,
            "y": 271,
            "w": 233,
            "h": 250
        },
        {
            "id": 6,
            "file": "6.png",
            "x": 710,
            "y": 288,
            "w": 228,
            "h": 223
        }
    ]
}