{
    "original_size": {
        "w": 1024,
        "h": 559
    },
    "icons": [
        {
            "id": 1,
            "file": "1.png",
            "x": 415,
            "y": 19,
            "w": 198,
            "h": 173
        },
        {
            "id": 2,
            "file": "2.png",
            "x": 73,
            "y": 38,
            "w": 303,
            "h": 255
        },
        {
            "id": 3,
            "file": "3.png",
            "x": 685,
            "y": 70,
            "w": 238,
            "h": 176
        },
        {
            "id": 4,
            "file": "4.png",
            "x": 393,
            "y": 207,
            "w": 241,
            "h": 332
        },
        {
            "id": 5,
            "file": "5.png",
            "x": 89,
            "y": 291,
            "w": 232,
            "h": 224
        },
        {
            "id": 6,
            "file": "6.png",
            "x": 748,
            "y": 300,
            "w": 142,
            "h": 211
        }
    ]
}