{
    "original_size": {
        "w": 1024,
        "h": 559
    },
    "icons": [
        {
            "id": 1,
            "file": "1.png",
            "x": 159,
            "y": 39,
            "w": 140,
            "h": 195
        },
        {
            "id": 2,
            "file": "2.png",
            "x": 735,
            "y": 44,
            "w": 177,
            "h": 267
        },
        {
            "id": 3,
            "file": "3.png",
            "x": 314,
            "y": 54,
            "w": 387,
            "h": 437
        },
        {
            "id": 4,
            "file": "4.png",
            "x": 56,
            "y": 241,
            "w": 178,
            "h": 107
        },
        {
            "id": 5,
            "file": "5.png",
            "x": 711,
            "y": 348,
            "w": 176,
            "h": 176
        },
        {
            "id": 6,
            "file": "6.png",
            "x": 135,
            "y": 399,
            "w": 183,
            "h": 111
        }
    ]
}