{
    "original_size": {
        "w": 1024,
        "h": 559
    },
    "icons": [
        {
            "id": 1,
            "file": "1.png",
            "x": 379,
            "y": 49,
            "w": 270,
            "h": 100
        },
        {
            "id": 2,
            "file": "2.png",
            "x": 85,
            "y": 67,
            "w": 241,
            "h": 171
        },
        {
            "id": 3,
            "file": "3.png",
            "x": 695,
            "y": 74,
            "w": 249,
            "h": 165
        },
        {
            "id": 4,
            "file": "4.png",
            "x": 362,
            "y": 160,
            "w": 304,
            "h": 343
        },
        {
            "id": 5,
            "file": "5.png",
            "x": 691,
            "y": 289,
            "w": 259,
            "h": 231
        },
        {
            "id": 6,
            "file": "6.png",
            "x": 78,
            "y": 291,
            "w": 253,
            "h": 229
        }
    ]
}