{
    "original_size": {
        "w": 1024,
        "h": 559
    },
    "icons": [
        {
            "id": 1,
            "file": "1.png",
            "x": 409,
            "y": 7,
            "w": 211,
            "h": 198
        },
        {
            "id": 2,
            "file": "2.png",
            "x": 78,
            "y": 16,
            "w": 275,
            "h": 267
        },
        {
            "id": 3,
            "file": "3.png",
            "x": 687,
            "y": 28,
            "w": 280,
            "h": 254
        },
        {
            "id": 4,
            "file": "4.png",
            "x": 326,
            "y": 201,
            "w": 382,
            "h": 349
        },
        {
            "id": 5,
            "file": "5.png",
            "x": 72,
            "y": 276,
            "w": 233,
            "h": 263
        },
        {
            "id": 6,
            "file": "6.png",
            "x": 709,
            "y": 285,
            "w": 278,
            "h": 259
        }
    ]
}