{
    "original_size": {
        "w": 1024,
        "h": 559
    },
    "icons": [
        {
            "id": 1,
            "file": "1.png",
            "x": 216,
            "y": 12,
            "w": 159,
            "h": 167
        },
        {
            "id": 2,
            "file": "2.png",
            "x": 27,
            "y": 27,
            "w": 179,
            "h": 228
        },
        {
            "id": 3,
            "file": "3.png",
            "x": 73,
            "y": 31,
            "w": 753,
            "h": 519
        },
        {
            "id": 4,
            "file": "4.png",
            "x": 751,
            "y": 31,
            "w": 121,
            "h": 139
        },
        {
            "id": 5,
            "file": "5.png",
            "x": 863,
            "y": 39,
            "w": 129,
            "h": 189
        },
        {
            "id": 6,
            "file": "6.png",
            "x": 781,
            "y": 223,
            "w": 232,
            "h": 260
        },
        {
            "id": 7,
            "file": "7.png",
            "x": 67,
            "y": 236,
            "w": 167,
            "h": 193
        },
        {
            "id": 8,
            "file": "8.png",
            "x": 541,
            "y": 385,
            "w": 236,
            "h": 148
        }
    ]
}