{
    "original_size": {
        "w": 1365,
        "h": 768
    },
    "icons": [
        {
            "id": 1,
            "file": "1.png",
            "x": 160,
            "y": 43,
            "w": 231,
            "h": 230
        },
        {
            "id": 2,
            "file": "2.png",
            "x": 1020,
            "y": 58,
            "w": 171,
            "h": 202
        },
        {
            "id": 3,
            "file": "3.png",
            "x": 398,
            "y": 152,
            "w": 572,
            "h": 479
        },
        {
            "id": 4,
            "file": "4.png",
            "x": 1121,
            "y": 276,
            "w": 209,
            "h": 217
        },
        {
            "id": 5,
            "file": "5.png",
            "x": 52,
            "y": 284,
            "w": 199,
            "h": 205
        },
        {
            "id": 6,
            "file": "6.png",
            "x": 990,
            "y": 495,
            "w": 257,
            "h": 222
        },
        {
            "id": 7,
            "file": "7.png",
            "x": 200,
            "y": 511,
            "w": 165,
            "h": 195
        }
    ]
}