{
    "original_size": {
        "w": 1024,
        "h": 559
    },
    "icons": [
        {
            "id": 1,
            "file": "1.png",
            "x": 249,
            "y": 14,
            "w": 530,
            "h": 536
        },
        {
            "id": 2,
            "file": "2.png",
            "x": 58,
            "y": 26,
            "w": 176,
            "h": 267
        },
        {
            "id": 3,
            "file": "3.png",
            "x": 777,
            "y": 30,
            "w": 217,
            "h": 257
        },
        {
            "id": 4,
            "file": "4.png",
            "x": 762,
            "y": 302,
            "w": 240,
            "h": 237
        },
        {
            "id": 5,
            "file": "5.png",
            "x": 31,
            "y": 317,
            "w": 240,
            "h": 225
        }
    ]
}