{
    "original_size": {
        "w": 1365,
        "h": 768
    },
    "icons": [
        {
            "id": 1,
            "file": "1.png",
            "x": 185,
            "y": 76,
            "w": 261,
            "h": 207
        },
        {
            "id": 2,
            "file": "2.png",
            "x": 918,
            "y": 78,
            "w": 183,
            "h": 171
        },
        {
            "id": 3,
            "file": "3.png",
            "x": 420,
            "y": 123,
            "w": 526,
            "h": 525
        },
        {
            "id": 4,
            "file": "4.png",
            "x": 1062,
            "y": 287,
            "w": 168,
            "h": 170
        },
        {
            "id": 5,
            "file": "5.png",
            "x": 163,
            "y": 435,
            "w": 237,
            "h": 229
        },
        {
            "id": 6,
            "file": "6.png",
            "x": 947,
            "y": 509,
            "w": 138,
            "h": 180
        }
    ]
}