{
    "original_size": {
        "w": 1024,
        "h": 559
    },
    "icons": [
        {
            "id": 1,
            "file": "1.png",
            "x": 48,
            "y": 29,
            "w": 222,
            "h": 263
        },
        {
            "id": 2,
            "file": "2.png",
            "x": 739,
            "y": 56,
            "w": 251,
            "h": 177
        },
        {
            "id": 3,
            "file": "3.png",
            "x": 281,
            "y": 96,
            "w": 466,
            "h": 395
        },
        {
            "id": 4,
            "file": "4.png",
            "x": 68,
            "y": 292,
            "w": 165,
            "h": 234
        },
        {
            "id": 5,
            "file": "5.png",
            "x": 760,
            "y": 303,
            "w": 222,
            "h": 217
        },
        {
            "id": 6,
            "file": "6.png",
            "x": 589,
            "y": 423,
            "w": 119,
            "h": 124
        }
    ]
}