{
    "original_size": {
        "w": 1024,
        "h": 559
    },
    "icons": [
        {
            "id": 1,
            "file": "1.png",
            "x": 196,
            "y": 25,
            "w": 284,
            "h": 230
        },
        {
            "id": 2,
            "file": "2.png",
            "x": 716,
            "y": 27,
            "w": 270,
            "h": 275
        },
        {
            "id": 3,
            "file": "3.png",
            "x": 32,
            "y": 35,
            "w": 202,
            "h": 299
        },
        {
            "id": 4,
            "file": "4.png",
            "x": 315,
            "y": 108,
            "w": 390,
            "h": 357
        },
        {
            "id": 5,
            "file": "5.png",
            "x": 729,
            "y": 317,
            "w": 255,
            "h": 228
        },
        {
            "id": 6,
            "file": "6.png",
            "x": 27,
            "y": 341,
            "w": 302,
            "h": 198
        }
    ]
}