{
    "original_size": {
        "w": 1024,
        "h": 559
    },
    "icons": [
        {
            "id": 1,
            "file": "1.png",
            "x": 30,
            "y": 20,
            "w": 240,
            "h": 228
        },
        {
            "id": 2,
            "file": "2.png",
            "x": 694,
            "y": 24,
            "w": 114,
            "h": 200
        },
        {
            "id": 3,
            "file": "3.png",
            "x": 260,
            "y": 26,
            "w": 128,
            "h": 124
        },
        {
            "id": 4,
            "file": "4.png",
            "x": 804,
            "y": 27,
            "w": 188,
            "h": 179
        },
        {
            "id": 5,
            "file": "5.png",
            "x": 601,
            "y": 34,
            "w": 90,
            "h": 84
        },
        {
            "id": 6,
            "file": "6.png",
            "x": 294,
            "y": 56,
            "w": 441,
            "h": 449
        },
        {
            "id": 7,
            "file": "7.png",
            "x": 869,
            "y": 214,
            "w": 130,
            "h": 125
        },
        {
            "id": 8,
            "file": "8.png",
            "x": 36,
            "y": 221,
            "w": 121,
            "h": 132
        },
        {
            "id": 9,
            "file": "9.png",
            "x": 177,
            "y": 229,
            "w": 113,
            "h": 112
        },
        {
            "id": 10,
            "file": "10.png",
            "x": 754,
            "y": 229,
            "w": 104,
            "h": 78
        },
        {
            "id": 11,
            "file": "11.png",
            "x": 621,
            "y": 323,
            "w": 372,
            "h": 203
        },
        {
            "id": 12,
            "file": "12.png",
            "x": 233,
            "y": 342,
            "w": 103,
            "h": 196
        },
        {
            "id": 13,
            "file": "13.png",
            "x": 40,
            "y": 345,
            "w": 172,
            "h": 186
        }
    ]
}