{
    "original_size": {
        "w": 1024,
        "h": 559
    },
    "icons": [
        {
            "id": 1,
            "file": "1.png",
            "x": 36,
            "y": 30,
            "w": 283,
            "h": 244
        },
        {
            "id": 2,
            "file": "2.png",
            "x": 286,
            "y": 30,
            "w": 104,
            "h": 106
        },
        {
            "id": 3,
            "file": "3.png",
            "x": 754,
            "y": 33,
            "w": 153,
            "h": 238
        },
        {
            "id": 4,
            "file": "4.png",
            "x": 658,
            "y": 36,
            "w": 86,
            "h": 88
        },
        {
            "id": 5,
            "file": "5.png",
            "x": 286,
            "y": 40,
            "w": 455,
            "h": 495
        },
        {
            "id": 6,
            "file": "6.png",
            "x": 886,
            "y": 215,
            "w": 103,
            "h": 106
        },
        {
            "id": 7,
            "file": "7.png",
            "x": 214,
            "y": 229,
            "w": 87,
            "h": 88
        },
        {
            "id": 8,
            "file": "8.png",
            "x": 46,
            "y": 268,
            "w": 114,
            "h": 111
        },
        {
            "id": 9,
            "file": "9.png",
            "x": 731,
            "y": 284,
            "w": 248,
            "h": 252
        },
        {
            "id": 10,
            "file": "10.png",
            "x": 102,
            "y": 302,
            "w": 192,
            "h": 225
        },
        {
            "id": 11,
            "file": "11.png",
            "x": 608,
            "y": 402,
            "w": 118,
            "h": 112
        },
        {
            "id": 12,
            "file": "12.png",
            "x": 312,
            "y": 405,
            "w": 97,
            "h": 101
        }
    ]
}