{
    "original_size": {
        "w": 1024,
        "h": 559
    },
    "icons": [
        {
            "id": 1,
            "file": "1.png",
            "x": 298,
            "y": 23,
            "w": 695,
            "h": 501
        },
        {
            "id": 2,
            "file": "2.png",
            "x": 25,
            "y": 31,
            "w": 279,
            "h": 218
        },
        {
            "id": 3,
            "file": "3.png",
            "x": 33,
            "y": 241,
            "w": 333,
            "h": 298
        },
        {
            "id": 4,
            "file": "4.png",
            "x": 789,
            "y": 281,
            "w": 214,
            "h": 257
        },
        {
            "id": 5,
            "file": "5.png",
            "x": 616,
            "y": 308,
            "w": 187,
            "h": 202
        }
    ]
}