{
    "original_size": {
        "w": 1024,
        "h": 559
    },
    "icons": [
        {
            "id": 1,
            "file": "1.png",
            "x": 367,
            "y": 18,
            "w": 294,
            "h": 526
        },
        {
            "id": 2,
            "file": "2.png",
            "x": 681,
            "y": 45,
            "w": 127,
            "h": 255
        },
        {
            "id": 3,
            "file": "3.png",
            "x": 70,
            "y": 52,
            "w": 256,
            "h": 180
        },
        {
            "id": 4,
            "file": "4.png",
            "x": 844,
            "y": 184,
            "w": 150,
            "h": 215
        },
        {
            "id": 5,
            "file": "5.png",
            "x": 27,
            "y": 283,
            "w": 357,
            "h": 233
        },
        {
            "id": 6,
            "file": "6.png",
            "x": 601,
            "y": 399,
            "w": 332,
            "h": 140
        }
    ]
}