{
    "original_size": {
        "w": 1024,
        "h": 559
    },
    "icons": [
        {
            "id": 1,
            "file": "1.png",
            "x": 761,
            "y": 22,
            "w": 237,
            "h": 239
        },
        {
            "id": 2,
            "file": "2.png",
            "x": 30,
            "y": 23,
            "w": 249,
            "h": 243
        },
        {
            "id": 3,
            "file": "3.png",
            "x": 235,
            "y": 130,
            "w": 558,
            "h": 277
        },
        {
            "id": 4,
            "file": "4.png",
            "x": 35,
            "y": 316,
            "w": 225,
            "h": 230
        },
        {
            "id": 5,
            "file": "5.png",
            "x": 745,
            "y": 344,
            "w": 265,
            "h": 206
        },
        {
            "id": 6,
            "file": "6.png",
            "x": 470,
            "y": 367,
            "w": 88,
            "h": 182
        }
    ]
}