{
    "original_size": {
        "w": 1024,
        "h": 559
    },
    "icons": [
        {
            "id": 1,
            "file": "1.png",
            "x": 26,
            "y": 17,
            "w": 311,
            "h": 250
        },
        {
            "id": 2,
            "file": "2.png",
            "x": 707,
            "y": 17,
            "w": 291,
            "h": 267
        },
        {
            "id": 3,
            "file": "3.png",
            "x": 367,
            "y": 22,
            "w": 322,
            "h": 131
        },
        {
            "id": 4,
            "file": "4.png",
            "x": 341,
            "y": 165,
            "w": 348,
            "h": 383
        },
        {
            "id": 5,
            "file": "5.png",
            "x": 716,
            "y": 268,
            "w": 279,
            "h": 284
        },
        {
            "id": 6,
            "file": "6.png",
            "x": 38,
            "y": 274,
            "w": 270,
            "h": 275
        }
    ]
}