{
    "original_size": {
        "w": 1024,
        "h": 559
    },
    "icons": [
        {
            "id": 1,
            "file": "1.png",
            "x": 23,
            "y": 12,
            "w": 255,
            "h": 436
        },
        {
            "id": 2,
            "file": "2.png",
            "x": 289,
            "y": 12,
            "w": 717,
            "h": 536
        },
        {
            "id": 3,
            "file": "3.png",
            "x": 770,
            "y": 17,
            "w": 204,
            "h": 308
        },
        {
            "id": 4,
            "file": "4.png",
            "x": 67,
            "y": 357,
            "w": 326,
            "h": 193
        }
    ]
}