{
    "original_size": {
        "w": 1365,
        "h": 768
    },
    "icons": [
        {
            "id": 1,
            "file": "1.png",
            "x": 431,
            "y": 67,
            "w": 523,
            "h": 639
        },
        {
            "id": 2,
            "file": "2.png",
            "x": 138,
            "y": 96,
            "w": 233,
            "h": 102
        },
        {
            "id": 3,
            "file": "3.png",
            "x": 999,
            "y": 98,
            "w": 226,
            "h": 363
        },
        {
            "id": 4,
            "file": "4.png",
            "x": 110,
            "y": 253,
            "w": 281,
            "h": 196
        },
        {
            "id": 5,
            "file": "5.png",
            "x": 991,
            "y": 497,
            "w": 244,
            "h": 215
        },
        {
            "id": 6,
            "file": "6.png",
            "x": 152,
            "y": 504,
            "w": 196,
            "h": 196
        }
    ]
}