{
    "original_size": {
        "w": 1024,
        "h": 559
    },
    "icons": [
        {
            "id": 1,
            "file": "1.png",
            "x": 341,
            "y": 19,
            "w": 346,
            "h": 385
        },
        {
            "id": 2,
            "file": "2.png",
            "x": 761,
            "y": 27,
            "w": 170,
            "h": 241
        },
        {
            "id": 3,
            "file": "3.png",
            "x": 65,
            "y": 47,
            "w": 252,
            "h": 199
        },
        {
            "id": 4,
            "file": "4.png",
            "x": 716,
            "y": 306,
            "w": 281,
            "h": 222
        },
        {
            "id": 5,
            "file": "5.png",
            "x": 57,
            "y": 331,
            "w": 250,
            "h": 188
        },
        {
            "id": 6,
            "file": "6.png",
            "x": 455,
            "y": 397,
            "w": 117,
            "h": 151
        }
    ]
}