{
    "original_size": {
        "w": 1024,
        "h": 559
    },
    "icons": [
        {
            "id": 1,
            "file": "1.png",
            "x": 430,
            "y": 14,
            "w": 168,
            "h": 123
        },
        {
            "id": 2,
            "file": "2.png",
            "x": 707,
            "y": 18,
            "w": 223,
            "h": 246
        },
        {
            "id": 3,
            "file": "3.png",
            "x": 61,
            "y": 33,
            "w": 260,
            "h": 254
        },
        {
            "id": 4,
            "file": "4.png",
            "x": 321,
            "y": 138,
            "w": 386,
            "h": 386
        },
        {
            "id": 5,
            "file": "5.png",
            "x": 750,
            "y": 275,
            "w": 218,
            "h": 272
        },
        {
            "id": 6,
            "file": "6.png",
            "x": 60,
            "y": 296,
            "w": 235,
            "h": 239
        }
    ]
}