{
    "original_size": {
        "w": 1024,
        "h": 559
    },
    "icons": [
        {
            "id": 1,
            "file": "1.png",
            "x": 694,
            "y": 27,
            "w": 216,
            "h": 237
        },
        {
            "id": 2,
            "file": "2.png",
            "x": 151,
            "y": 30,
            "w": 191,
            "h": 224
        },
        {
            "id": 3,
            "file": "3.png",
            "x": 323,
            "y": 62,
            "w": 365,
            "h": 418
        },
        {
            "id": 4,
            "file": "4.png",
            "x": 93,
            "y": 250,
            "w": 217,
            "h": 296
        },
        {
            "id": 5,
            "file": "5.png",
            "x": 767,
            "y": 264,
            "w": 170,
            "h": 208
        },
        {
            "id": 6,
            "file": "6.png",
            "x": 572,
            "y": 357,
            "w": 210,
            "h": 186
        }
    ]
}