{
    "original_size": {
        "w": 1024,
        "h": 559
    },
    "icons": [
        {
            "id": 1,
            "file": "1.png",
            "x": 62,
            "y": 43,
            "w": 699,
            "h": 445
        },
        {
            "id": 2,
            "file": "2.png",
            "x": 752,
            "y": 47,
            "w": 224,
            "h": 166
        },
        {
            "id": 3,
            "file": "3.png",
            "x": 777,
            "y": 212,
            "w": 182,
            "h": 322
        },
        {
            "id": 4,
            "file": "4.png",
            "x": 66,
            "y": 274,
            "w": 197,
            "h": 241
        }
    ]
}