{
    "original_size": {
        "w": 1024,
        "h": 559
    },
    "icons": [
        {
            "id": 1,
            "file": "1.png",
            "x": 28,
            "y": 20,
            "w": 308,
            "h": 246
        },
        {
            "id": 2,
            "file": "2.png",
            "x": 629,
            "y": 20,
            "w": 137,
            "h": 99
        },
        {
            "id": 3,
            "file": "3.png",
            "x": 350,
            "y": 43,
            "w": 359,
            "h": 477
        },
        {
            "id": 4,
            "file": "4.png",
            "x": 734,
            "y": 52,
            "w": 254,
            "h": 275
        },
        {
            "id": 5,
            "file": "5.png",
            "x": 19,
            "y": 259,
            "w": 342,
            "h": 286
        },
        {
            "id": 6,
            "file": "6.png",
            "x": 679,
            "y": 303,
            "w": 320,
            "h": 237
        }
    ]
}