{
    "original_size": {
        "w": 1365,
        "h": 768
    },
    "icons": [
        {
            "id": 1,
            "file": "1.png",
            "x": 82,
            "y": 60,
            "w": 241,
            "h": 213
        },
        {
            "id": 2,
            "file": "2.png",
            "x": 1100,
            "y": 63,
            "w": 160,
            "h": 238
        },
        {
            "id": 3,
            "file": "3.png",
            "x": 375,
            "y": 92,
            "w": 618,
            "h": 605
        },
        {
            "id": 4,
            "file": "4.png",
            "x": 145,
            "y": 301,
            "w": 129,
            "h": 168
        },
        {
            "id": 5,
            "file": "5.png",
            "x": 1073,
            "y": 371,
            "w": 215,
            "h": 340
        },
        {
            "id": 6,
            "file": "6.png",
            "x": 79,
            "y": 530,
            "w": 248,
            "h": 171
        }
    ]
}