{
    "original_size": {
        "w": 1024,
        "h": 559
    },
    "icons": [
        {
            "id": 1,
            "file": "1.png",
            "x": 730,
            "y": 49,
            "w": 220,
            "h": 181
        },
        {
            "id": 2,
            "file": "2.png",
            "x": 41,
            "y": 67,
            "w": 284,
            "h": 209
        },
        {
            "id": 3,
            "file": "3.png",
            "x": 320,
            "y": 73,
            "w": 382,
            "h": 407
        },
        {
            "id": 4,
            "file": "4.png",
            "x": 129,
            "y": 215,
            "w": 147,
            "h": 302
        },
        {
            "id": 5,
            "file": "5.png",
            "x": 694,
            "y": 221,
            "w": 293,
            "h": 296
        }
    ]
}