{
    "original_size": {
        "w": 1365,
        "h": 768
    },
    "icons": [
        {
            "id": 1,
            "file": "1.png",
            "x": 127,
            "y": 81,
            "w": 195,
            "h": 161
        },
        {
            "id": 2,
            "file": "2.png",
            "x": 1078,
            "y": 84,
            "w": 170,
            "h": 238
        },
        {
            "id": 3,
            "file": "3.png",
            "x": 351,
            "y": 86,
            "w": 666,
            "h": 600
        },
        {
            "id": 4,
            "file": "4.png",
            "x": 93,
            "y": 272,
            "w": 123,
            "h": 218
        },
        {
            "id": 5,
            "file": "5.png",
            "x": 1027,
            "y": 430,
            "w": 241,
            "h": 270
        },
        {
            "id": 6,
            "file": "6.png",
            "x": 162,
            "y": 489,
            "w": 174,
            "h": 233
        }
    ]
}