{
    "original_size": {
        "w": 1024,
        "h": 559
    },
    "icons": [
        {
            "id": 1,
            "file": "1.png",
            "x": 56,
            "y": 53,
            "w": 254,
            "h": 150
        },
        {
            "id": 2,
            "file": "2.png",
            "x": 755,
            "y": 53,
            "w": 195,
            "h": 196
        },
        {
            "id": 3,
            "file": "3.png",
            "x": 274,
            "y": 96,
            "w": 520,
            "h": 400
        },
        {
            "id": 4,
            "file": "4.png",
            "x": 51,
            "y": 223,
            "w": 205,
            "h": 97
        },
        {
            "id": 5,
            "file": "5.png",
            "x": 785,
            "y": 265,
            "w": 192,
            "h": 244
        },
        {
            "id": 6,
            "file": "6.png",
            "x": 74,
            "y": 345,
            "w": 203,
            "h": 165
        }
    ]
}