{
    "original_size": {
        "w": 1024,
        "h": 559
    },
    "icons": [
        {
            "id": 1,
            "file": "1.png",
            "x": 29,
            "y": 24,
            "w": 295,
            "h": 222
        },
        {
            "id": 2,
            "file": "2.png",
            "x": 251,
            "y": 27,
            "w": 751,
            "h": 507
        },
        {
            "id": 3,
            "file": "3.png",
            "x": 61,
            "y": 284,
            "w": 200,
            "h": 255
        }
    ]
}