{
    "original_size": {
        "w": 1024,
        "h": 559
    },
    "icons": [
        {
            "id": 1,
            "file": "1.png",
            "x": 333,
            "y": 28,
            "w": 364,
            "h": 499
        },
        {
            "id": 2,
            "file": "2.png",
            "x": 111,
            "y": 31,
            "w": 187,
            "h": 263
        },
        {
            "id": 3,
            "file": "3.png",
            "x": 697,
            "y": 53,
            "w": 235,
            "h": 243
        },
        {
            "id": 4,
            "file": "4.png",
            "x": 55,
            "y": 281,
            "w": 282,
            "h": 254
        },
        {
            "id": 5,
            "file": "5.png",
            "x": 671,
            "y": 323,
            "w": 253,
            "h": 209
        }
    ]
}