{
    "original_size": {
        "w": 1024,
        "h": 559
    },
    "icons": [
        {
            "id": 1,
            "file": "1.png",
            "x": 916,
            "y": -13,
            "w": 109,
            "h": 126
        },
        {
            "id": 2,
            "file": "2.png",
            "x": 84,
            "y": -9,
            "w": 83,
            "h": 95
        },
        {
            "id": 3,
            "file": "3.png",
            "x": -13,
            "y": 3,
            "w": 125,
            "h": 149
        },
        {
            "id": 4,
            "file": "4.png",
            "x": 679,
            "y": 4,
            "w": 146,
            "h": 127
        },
        {
            "id": 5,
            "file": "5.png",
            "x": 220,
            "y": 19,
            "w": 158,
            "h": 106
        },
        {
            "id": 6,
            "file": "6.png",
            "x": 855,
            "y": 27,
            "w": 105,
            "h": 126
        },
        {
            "id": 7,
            "file": "7.png",
            "x": 314,
            "y": 41,
            "w": 401,
            "h": 482
        },
        {
            "id": 8,
            "file": "8.png",
            "x": 78,
            "y": 77,
            "w": 94,
            "h": 116
        },
        {
            "id": 9,
            "file": "9.png",
            "x": 879,
            "y": 128,
            "w": 162,
            "h": 234
        },
        {
            "id": 10,
            "file": "10.png",
            "x": 213,
            "y": 152,
            "w": 105,
            "h": 127
        },
        {
            "id": 11,
            "file": "11.png",
            "x": 707,
            "y": 235,
            "w": 161,
            "h": 128
        },
        {
            "id": 12,
            "file": "12.png",
            "x": -13,
            "y": 248,
            "w": 272,
            "h": 328
        },
        {
            "id": 13,
            "file": "13.png",
            "x": 693,
            "y": 365,
            "w": 348,
            "h": 193
        },
        {
            "id": 14,
            "file": "14.png",
            "x": 260,
            "y": 415,
            "w": 90,
            "h": 105
        }
    ]
}