{
    "original_size": {
        "w": 1024,
        "h": 559
    },
    "icons": [
        {
            "id": 1,
            "file": "1.png",
            "x": 207,
            "y": 41,
            "w": 787,
            "h": 482
        },
        {
            "id": 2,
            "file": "2.png",
            "x": 399,
            "y": 48,
            "w": 216,
            "h": 159
        },
        {
            "id": 3,
            "file": "3.png",
            "x": 51,
            "y": 54,
            "w": 202,
            "h": 181
        },
        {
            "id": 4,
            "file": "4.png",
            "x": 44,
            "y": 264,
            "w": 182,
            "h": 223
        },
        {
            "id": 5,
            "file": "5.png",
            "x": 804,
            "y": 289,
            "w": 180,
            "h": 237
        }
    ]
}