{
    "original_size": {
        "w": 1024,
        "h": 559
    },
    "icons": [
        {
            "id": 1,
            "file": "1.png",
            "x": 36,
            "y": 41,
            "w": 256,
            "h": 256
        },
        {
            "id": 2,
            "file": "2.png",
            "x": 245,
            "y": 62,
            "w": 565,
            "h": 467
        },
        {
            "id": 3,
            "file": "3.png",
            "x": 792,
            "y": 84,
            "w": 207,
            "h": 425
        },
        {
            "id": 4,
            "file": "4.png",
            "x": 53,
            "y": 332,
            "w": 198,
            "h": 137
        }
    ]
}