{
    "original_size": {
        "w": 1024,
        "h": 559
    },
    "icons": [
        {
            "id": 1,
            "file": "1.png",
            "x": 446,
            "y": 5,
            "w": 136,
            "h": 136
        },
        {
            "id": 2,
            "file": "2.png",
            "x": 355,
            "y": 153,
            "w": 319,
            "h": 299
        },
        {
            "id": 3,
            "file": "3.png",
            "x": 693,
            "y": 160,
            "w": 171,
            "h": 131
        },
        {
            "id": 4,
            "file": "4.png",
            "x": 187,
            "y": 196,
            "w": 123,
            "h": 171
        },
        {
            "id": 5,
            "file": "5.png",
            "x": 656,
            "y": 383,
            "w": 188,
            "h": 151
        },
        {
            "id": 6,
            "file": "6.png",
            "x": 401,
            "y": 448,
            "w": 222,
            "h": 128
        }
    ]
}