{
    "original_size": {
        "w": 1024,
        "h": 559
    },
    "icons": [
        {
            "id": 1,
            "file": "1.png",
            "x": 77,
            "y": 30,
            "w": 200,
            "h": 249
        },
        {
            "id": 2,
            "file": "2.png",
            "x": 724,
            "y": 40,
            "w": 254,
            "h": 267
        },
        {
            "id": 3,
            "file": "3.png",
            "x": 333,
            "y": 64,
            "w": 390,
            "h": 453
        },
        {
            "id": 4,
            "file": "4.png",
            "x": 859,
            "y": 187,
            "w": 147,
            "h": 128
        },
        {
            "id": 5,
            "file": "5.png",
            "x": 41,
            "y": 274,
            "w": 280,
            "h": 262
        },
        {
            "id": 6,
            "file": "6.png",
            "x": 742,
            "y": 316,
            "w": 234,
            "h": 217
        }
    ]
}