{
    "original_size": {
        "w": 1024,
        "h": 559
    },
    "icons": [
        {
            "id": 1,
            "file": "1.png",
            "x": 40,
            "y": 35,
            "w": 282,
            "h": 251
        },
        {
            "id": 2,
            "file": "2.png",
            "x": 739,
            "y": 35,
            "w": 252,
            "h": 349
        },
        {
            "id": 3,
            "file": "3.png",
            "x": 224,
            "y": 64,
            "w": 564,
            "h": 424
        },
        {
            "id": 4,
            "file": "4.png",
            "x": 40,
            "y": 274,
            "w": 191,
            "h": 263
        },
        {
            "id": 5,
            "file": "5.png",
            "x": 788,
            "y": 390,
            "w": 200,
            "h": 143
        }
    ]
}