{
    "original_size": {
        "w": 1024,
        "h": 559
    },
    "icons": [
        {
            "id": 1,
            "file": "1.png",
            "x": 730,
            "y": 27,
            "w": 261,
            "h": 265
        },
        {
            "id": 2,
            "file": "2.png",
            "x": 26,
            "y": 28,
            "w": 269,
            "h": 286
        },
        {
            "id": 3,
            "file": "3.png",
            "x": 377,
            "y": 52,
            "w": 277,
            "h": 463
        },
        {
            "id": 4,
            "file": "4.png",
            "x": 78,
            "y": 284,
            "w": 256,
            "h": 256
        },
        {
            "id": 5,
            "file": "5.png",
            "x": 668,
            "y": 292,
            "w": 161,
            "h": 246
        },
        {
            "id": 6,
            "file": "6.png",
            "x": 816,
            "y": 317,
            "w": 197,
            "h": 217
        }
    ]
}