{
    "original_size": {
        "w": 1024,
        "h": 559
    },
    "icons": [
        {
            "id": 1,
            "file": "1.png",
            "x": 104,
            "y": 56,
            "w": 186,
            "h": 163
        },
        {
            "id": 2,
            "file": "2.png",
            "x": 734,
            "y": 58,
            "w": 237,
            "h": 200
        },
        {
            "id": 3,
            "file": "3.png",
            "x": 277,
            "y": 86,
            "w": 461,
            "h": 383
        },
        {
            "id": 4,
            "file": "4.png",
            "x": 87,
            "y": 252,
            "w": 183,
            "h": 258
        },
        {
            "id": 5,
            "file": "5.png",
            "x": 712,
            "y": 378,
            "w": 137,
            "h": 117
        },
        {
            "id": 6,
            "file": "6.png",
            "x": 834,
            "y": 378,
            "w": 123,
            "h": 117
        }
    ]
}