{
    "original_size": {
        "w": 1024,
        "h": 559
    },
    "icons": [
        {
            "id": 1,
            "file": "1.png",
            "x": 445,
            "y": 33,
            "w": 134,
            "h": 135
        },
        {
            "id": 2,
            "file": "2.png",
            "x": 678,
            "y": 54,
            "w": 208,
            "h": 191
        },
        {
            "id": 3,
            "file": "3.png",
            "x": 171,
            "y": 78,
            "w": 168,
            "h": 169
        },
        {
            "id": 4,
            "file": "4.png",
            "x": 335,
            "y": 132,
            "w": 358,
            "h": 397
        },
        {
            "id": 5,
            "file": "5.png",
            "x": 724,
            "y": 266,
            "w": 213,
            "h": 228
        },
        {
            "id": 6,
            "file": "6.png",
            "x": 101,
            "y": 305,
            "w": 234,
            "h": 122
        }
    ]
}