{
    "original_size": {
        "w": 1024,
        "h": 559
    },
    "icons": [
        {
            "id": 1,
            "file": "1.png",
            "x": 214,
            "y": 29,
            "w": 178,
            "h": 170
        },
        {
            "id": 2,
            "file": "2.png",
            "x": 579,
            "y": 33,
            "w": 221,
            "h": 169
        },
        {
            "id": 3,
            "file": "3.png",
            "x": 294,
            "y": 170,
            "w": 449,
            "h": 179
        },
        {
            "id": 4,
            "file": "4.png",
            "x": 100,
            "y": 225,
            "w": 209,
            "h": 252
        },
        {
            "id": 5,
            "file": "5.png",
            "x": 724,
            "y": 235,
            "w": 203,
            "h": 164
        },
        {
            "id": 6,
            "file": "6.png",
            "x": 398,
            "y": 361,
            "w": 231,
            "h": 188
        }
    ]
}