{
    "original_size": {
        "w": 1365,
        "h": 768
    },
    "icons": [
        {
            "id": 1,
            "file": "1.png",
            "x": 902,
            "y": 81,
            "w": 184,
            "h": 213
        },
        {
            "id": 2,
            "file": "2.png",
            "x": 481,
            "y": 84,
            "w": 406,
            "h": 600
        },
        {
            "id": 3,
            "file": "3.png",
            "x": 350,
            "y": 94,
            "w": 136,
            "h": 189
        },
        {
            "id": 4,
            "file": "4.png",
            "x": 122,
            "y": 244,
            "w": 179,
            "h": 229
        },
        {
            "id": 5,
            "file": "5.png",
            "x": 1083,
            "y": 275,
            "w": 163,
            "h": 175
        },
        {
            "id": 6,
            "file": "6.png",
            "x": 953,
            "y": 468,
            "w": 156,
            "h": 206
        },
        {
            "id": 7,
            "file": "7.png",
            "x": 314,
            "y": 491,
            "w": 101,
            "h": 180
        }
    ]
}