{
    "original_size": {
        "w": 1024,
        "h": 559
    },
    "icons": [
        {
            "id": 1,
            "file": "1.png",
            "x": 718,
            "y": 10,
            "w": 178,
            "h": 283
        },
        {
            "id": 2,
            "file": "2.png",
            "x": 172,
            "y": 12,
            "w": 191,
            "h": 174
        },
        {
            "id": 3,
            "file": "3.png",
            "x": 310,
            "y": 62,
            "w": 428,
            "h": 464
        },
        {
            "id": 4,
            "file": "4.png",
            "x": 33,
            "y": 147,
            "w": 215,
            "h": 227
        },
        {
            "id": 5,
            "file": "5.png",
            "x": 726,
            "y": 327,
            "w": 169,
            "h": 219
        },
        {
            "id": 6,
            "file": "6.png",
            "x": 178,
            "y": 361,
            "w": 196,
            "h": 195
        }
    ]
}