{
    "original_size": {
        "w": 1024,
        "h": 559
    },
    "icons": [
        {
            "id": 1,
            "file": "1.png",
            "x": 24,
            "y": 27,
            "w": 248,
            "h": 230
        },
        {
            "id": 2,
            "file": "2.png",
            "x": 788,
            "y": 32,
            "w": 218,
            "h": 218
        },
        {
            "id": 3,
            "file": "3.png",
            "x": 258,
            "y": 51,
            "w": 538,
            "h": 450
        },
        {
            "id": 4,
            "file": "4.png",
            "x": 779,
            "y": 282,
            "w": 222,
            "h": 255
        },
        {
            "id": 5,
            "file": "5.png",
            "x": 27,
            "y": 302,
            "w": 243,
            "h": 239
        }
    ]
}