{
    "original_size": {
        "w": 1365,
        "h": 768
    },
    "icons": [
        {
            "id": 1,
            "file": "1.png",
            "x": 266,
            "y": 106,
            "w": 117,
            "h": 193
        },
        {
            "id": 2,
            "file": "2.png",
            "x": 944,
            "y": 129,
            "w": 183,
            "h": 167
        },
        {
            "id": 3,
            "file": "3.png",
            "x": 458,
            "y": 159,
            "w": 453,
            "h": 430
        },
        {
            "id": 4,
            "file": "4.png",
            "x": 196,
            "y": 319,
            "w": 135,
            "h": 183
        },
        {
            "id": 5,
            "file": "5.png",
            "x": 917,
            "y": 474,
            "w": 253,
            "h": 171
        },
        {
            "id": 6,
            "file": "6.png",
            "x": 249,
            "y": 495,
            "w": 178,
            "h": 156
        }
    ]
}