{
    "original_size": {
        "w": 1024,
        "h": 559
    },
    "icons": [
        {
            "id": 1,
            "file": "1.png",
            "x": 56,
            "y": 43,
            "w": 205,
            "h": 218
        },
        {
            "id": 2,
            "file": "2.png",
            "x": 762,
            "y": 49,
            "w": 202,
            "h": 219
        },
        {
            "id": 3,
            "file": "3.png",
            "x": 276,
            "y": 97,
            "w": 460,
            "h": 410
        },
        {
            "id": 4,
            "file": "4.png",
            "x": 51,
            "y": 315,
            "w": 252,
            "h": 205
        },
        {
            "id": 5,
            "file": "5.png",
            "x": 727,
            "y": 343,
            "w": 248,
            "h": 177
        }
    ]
}