{
    "original_size": {
        "w": 1024,
        "h": 559
    },
    "icons": [
        {
            "id": 1,
            "file": "1.png",
            "x": 320,
            "y": 27,
            "w": 388,
            "h": 508
        },
        {
            "id": 2,
            "file": "2.png",
            "x": 94,
            "y": 42,
            "w": 224,
            "h": 226
        },
        {
            "id": 3,
            "file": "3.png",
            "x": 671,
            "y": 60,
            "w": 286,
            "h": 111
        },
        {
            "id": 4,
            "file": "4.png",
            "x": 745,
            "y": 182,
            "w": 195,
            "h": 207
        },
        {
            "id": 5,
            "file": "5.png",
            "x": 105,
            "y": 281,
            "w": 195,
            "h": 247
        },
        {
            "id": 6,
            "file": "6.png",
            "x": 700,
            "y": 380,
            "w": 238,
            "h": 142
        }
    ]
}