{
    "original_size": {
        "w": 1024,
        "h": 559
    },
    "icons": [
        {
            "id": 1,
            "file": "1.png",
            "x": 78,
            "y": 37,
            "w": 203,
            "h": 283
        },
        {
            "id": 2,
            "file": "2.png",
            "x": 666,
            "y": 39,
            "w": 300,
            "h": 311
        },
        {
            "id": 3,
            "file": "3.png",
            "x": 317,
            "y": 148,
            "w": 394,
            "h": 267
        },
        {
            "id": 4,
            "file": "4.png",
            "x": 112,
            "y": 282,
            "w": 194,
            "h": 230
        },
        {
            "id": 5,
            "file": "5.png",
            "x": 701,
            "y": 333,
            "w": 237,
            "h": 195
        },
        {
            "id": 6,
            "file": "6.png",
            "x": 420,
            "y": 422,
            "w": 188,
            "h": 108
        }
    ]
}