{
    "original_size": {
        "w": 1365,
        "h": 768
    },
    "icons": [
        {
            "id": 1,
            "file": "1.png",
            "x": 455,
            "y": 78,
            "w": 456,
            "h": 616
        },
        {
            "id": 2,
            "file": "2.png",
            "x": 935,
            "y": 97,
            "w": 190,
            "h": 226
        },
        {
            "id": 3,
            "file": "3.png",
            "x": 305,
            "y": 114,
            "w": 223,
            "h": 169
        },
        {
            "id": 4,
            "file": "4.png",
            "x": 927,
            "y": 338,
            "w": 213,
            "h": 157
        },
        {
            "id": 5,
            "file": "5.png",
            "x": 294,
            "y": 351,
            "w": 138,
            "h": 271
        },
        {
            "id": 6,
            "file": "6.png",
            "x": 812,
            "y": 509,
            "w": 194,
            "h": 173
        }
    ]
}