{
    "original_size": {
        "w": 1024,
        "h": 559
    },
    "icons": [
        {
            "id": 1,
            "file": "1.png",
            "x": 251,
            "y": 31,
            "w": 142,
            "h": 106
        },
        {
            "id": 2,
            "file": "2.png",
            "x": 645,
            "y": 81,
            "w": 151,
            "h": 138
        },
        {
            "id": 3,
            "file": "3.png",
            "x": 380,
            "y": 111,
            "w": 268,
            "h": 315
        },
        {
            "id": 4,
            "file": "4.png",
            "x": 229,
            "y": 215,
            "w": 124,
            "h": 167
        },
        {
            "id": 5,
            "file": "5.png",
            "x": 647,
            "y": 277,
            "w": 145,
            "h": 223
        },
        {
            "id": 6,
            "file": "6.png",
            "x": 371,
            "y": 418,
            "w": 120,
            "h": 123
        }
    ]
}