{
    "original_size": {
        "w": 1024,
        "h": 559
    },
    "icons": [
        {
            "id": 1,
            "file": "1.png",
            "x": 412,
            "y": 29,
            "w": 205,
            "h": 105
        },
        {
            "id": 2,
            "file": "2.png",
            "x": 239,
            "y": 60,
            "w": 537,
            "h": 447
        },
        {
            "id": 3,
            "file": "3.png",
            "x": 88,
            "y": 105,
            "w": 131,
            "h": 212
        },
        {
            "id": 4,
            "file": "4.png",
            "x": 805,
            "y": 141,
            "w": 171,
            "h": 195
        },
        {
            "id": 5,
            "file": "5.png",
            "x": 677,
            "y": 333,
            "w": 192,
            "h": 201
        },
        {
            "id": 6,
            "file": "6.png",
            "x": 149,
            "y": 341,
            "w": 186,
            "h": 189
        }
    ]
}