{
    "original_size": {
        "w": 1024,
        "h": 559
    },
    "icons": [
        {
            "id": 1,
            "file": "1.png",
            "x": 23,
            "y": 12,
            "w": 185,
            "h": 279
        },
        {
            "id": 2,
            "file": "2.png",
            "x": 796,
            "y": 12,
            "w": 216,
            "h": 251
        },
        {
            "id": 3,
            "file": "3.png",
            "x": 215,
            "y": 39,
            "w": 798,
            "h": 510
        },
        {
            "id": 4,
            "file": "4.png",
            "x": 18,
            "y": 322,
            "w": 283,
            "h": 227
        },
        {
            "id": 5,
            "file": "5.png",
            "x": 388,
            "y": 378,
            "w": 253,
            "h": 170
        }
    ]
}