{
    "original_size": {
        "w": 1365,
        "h": 768
    },
    "icons": [
        {
            "id": 1,
            "file": "1.png",
            "x": 917,
            "y": 65,
            "w": 179,
            "h": 215
        },
        {
            "id": 2,
            "file": "2.png",
            "x": 255,
            "y": 81,
            "w": 163,
            "h": 214
        },
        {
            "id": 3,
            "file": "3.png",
            "x": 422,
            "y": 130,
            "w": 522,
            "h": 539
        },
        {
            "id": 4,
            "file": "4.png",
            "x": 139,
            "y": 304,
            "w": 323,
            "h": 334
        },
        {
            "id": 5,
            "file": "5.png",
            "x": 974,
            "y": 320,
            "w": 255,
            "h": 124
        },
        {
            "id": 6,
            "file": "6.png",
            "x": 923,
            "y": 532,
            "w": 200,
            "h": 172
        }
    ]
}