{
    "original_size": {
        "w": 1024,
        "h": 559
    },
    "icons": [
        {
            "id": 1,
            "file": "1.png",
            "x": 436,
            "y": 22,
            "w": 157,
            "h": 156
        },
        {
            "id": 2,
            "file": "2.png",
            "x": 645,
            "y": 24,
            "w": 362,
            "h": 257
        },
        {
            "id": 3,
            "file": "3.png",
            "x": 22,
            "y": 25,
            "w": 306,
            "h": 286
        },
        {
            "id": 4,
            "file": "4.png",
            "x": 297,
            "y": 159,
            "w": 515,
            "h": 325
        },
        {
            "id": 5,
            "file": "5.png",
            "x": 19,
            "y": 316,
            "w": 323,
            "h": 224
        },
        {
            "id": 6,
            "file": "6.png",
            "x": 744,
            "y": 321,
            "w": 256,
            "h": 218
        },
        {
            "id": 7,
            "file": "7.png",
            "x": 344,
            "y": 464,
            "w": 367,
            "h": 77
        }
    ]
}