{
    "original_size": {
        "w": 1024,
        "h": 559
    },
    "icons": [
        {
            "id": 1,
            "file": "1.png",
            "x": 561,
            "y": 20,
            "w": 108,
            "h": 116
        },
        {
            "id": 2,
            "file": "2.png",
            "x": 654,
            "y": 65,
            "w": 142,
            "h": 131
        },
        {
            "id": 3,
            "file": "3.png",
            "x": 198,
            "y": 92,
            "w": 597,
            "h": 456
        },
        {
            "id": 4,
            "file": "4.png",
            "x": 253,
            "y": 106,
            "w": 148,
            "h": 75
        }
    ]
}