{
    "original_size": {
        "w": 1024,
        "h": 559
    },
    "icons": [
        {
            "id": 1,
            "file": "1.png",
            "x": 262,
            "y": 55,
            "w": 144,
            "h": 204
        },
        {
            "id": 2,
            "file": "2.png",
            "x": 611,
            "y": 56,
            "w": 188,
            "h": 211
        },
        {
            "id": 3,
            "file": "3.png",
            "x": 448,
            "y": 76,
            "w": 132,
            "h": 412
        },
        {
            "id": 4,
            "file": "4.png",
            "x": 846,
            "y": 106,
            "w": 109,
            "h": 149
        },
        {
            "id": 5,
            "file": "5.png",
            "x": 61,
            "y": 166,
            "w": 228,
            "h": 233
        },
        {
            "id": 6,
            "file": "6.png",
            "x": 614,
            "y": 258,
            "w": 329,
            "h": 266
        },
        {
            "id": 7,
            "file": "7.png",
            "x": 205,
            "y": 312,
            "w": 203,
            "h": 196
        }
    ]
}