{
    "original_size": {
        "w": 1024,
        "h": 559
    },
    "icons": [
        {
            "id": 1,
            "file": "1.png",
            "x": 340,
            "y": -2,
            "w": 348,
            "h": 215
        },
        {
            "id": 2,
            "file": "2.png",
            "x": 82,
            "y": 56,
            "w": 199,
            "h": 260
        },
        {
            "id": 3,
            "file": "3.png",
            "x": 702,
            "y": 57,
            "w": 253,
            "h": 257
        },
        {
            "id": 4,
            "file": "4.png",
            "x": 321,
            "y": 170,
            "w": 386,
            "h": 386
        },
        {
            "id": 5,
            "file": "5.png",
            "x": 73,
            "y": 352,
            "w": 223,
            "h": 152
        },
        {
            "id": 6,
            "file": "6.png",
            "x": 732,
            "y": 352,
            "w": 223,
            "h": 152
        }
    ]
}