{
    "original_size": {
        "w": 1024,
        "h": 559
    },
    "icons": [
        {
            "id": 1,
            "file": "1.png",
            "x": 42,
            "y": 31,
            "w": 193,
            "h": 255
        },
        {
            "id": 2,
            "file": "2.png",
            "x": 246,
            "y": 46,
            "w": 536,
            "h": 470
        },
        {
            "id": 3,
            "file": "3.png",
            "x": 804,
            "y": 46,
            "w": 167,
            "h": 167
        },
        {
            "id": 4,
            "file": "4.png",
            "x": 787,
            "y": 288,
            "w": 214,
            "h": 228
        },
        {
            "id": 5,
            "file": "5.png",
            "x": 43,
            "y": 329,
            "w": 183,
            "h": 195
        }
    ]
}